{
  "specific_date": {
    "precision": 1.0,
    "recall": 1.0,
    "f1-score": 1.0,
    "support": 14,
    "confused_with": {}
  },
  "countryname": {
    "precision": 0.8095238095238095,
    "recall": 0.7727272727272727,
    "f1-score": 0.7906976744186046,
    "support": 44,
    "confused_with": {
      "country": 10
    }
  },
  "month_year": {
    "precision": 1.0,
    "recall": 0.5714285714285714,
    "f1-score": 0.7272727272727273,
    "support": 14,
    "confused_with": {
      "year": 3,
      "month": 3
    }
  },
  "region": {
    "precision": 1.0,
    "recall": 1.0,
    "f1-score": 1.0,
    "support": 13,
    "confused_with": {}
  },
  "month_year_pairs": {
    "precision": 0.8333333333333334,
    "recall": 0.625,
    "f1-score": 0.7142857142857143,
    "support": 16,
    "confused_with": {
      "year": 3,
      "month": 3
    }
  },
  "month": {
    "precision": 0.813953488372093,
    "recall": 0.9859154929577465,
    "f1-score": 0.89171974522293,
    "support": 71,
    "confused_with": {}
  },
  "year": {
    "precision": 0.8632478632478633,
    "recall": 0.9711538461538461,
    "f1-score": 0.9140271493212669,
    "support": 104,
    "confused_with": {}
  },
  "country": {
    "precision": 0.8795180722891566,
    "recall": 0.9012345679012346,
    "f1-score": 0.8902439024390244,
    "support": 81,
    "confused_with": {
      "countryname": 8
    }
  },
  "month-year": {
    "precision": 0.0,
    "recall": 0.0,
    "f1-score": 0.0,
    "support": 18,
    "confused_with": {
      "year": 8,
      "month": 8,
      "month_year_pairs": 2
    }
  },
  "micro avg": {
    "precision": 0.8613333333333333,
    "recall": 0.8613333333333333,
    "f1-score": 0.8613333333333333,
    "support": 375
  },
  "macro avg": {
    "precision": 0.7999529518629173,
    "recall": 0.7586066390187413,
    "f1-score": 0.7698052125511408,
    "support": 375
  },
  "weighted avg": {
    "precision": 0.823364854026664,
    "recall": 0.8613333333333333,
    "f1-score": 0.837018050193624,
    "support": 375
  },
  "accuracy": 0.9826679046734758
}